{
    "Success": {
        "Mean": "0.6099423484",
        "Variance": "0.0015166187",
        "ConfidenceMin": "0.6094849319",
        "ConfidenceMax": "0.6103997648"
    },
    "FailNoPath": {
        "Mean": "0.1259556060",
        "Variance": "0.0008991385",
        "ConfidenceMin": "0.1256034080",
        "ConfidenceMax": "0.1263078040"
    },
    "FailNoBalance": {
        "Mean": "0.0526321639",
        "Variance": "0.0003833391",
        "ConfidenceMin": "0.0524021970",
        "ConfidenceMax": "0.0528621307"
    },
    "FailOfflineNode": {
        "Mean": "0.1307357452",
        "Variance": "0.0007773630",
        "ConfidenceMin": "0.1304082646",
        "ConfidenceMax": "0.1310632258"
    },
    "FailTimeoutExpired": {
        "Mean": "0.0807341366",
        "Variance": "0.0004952753",
        "ConfidenceMin": "0.0804727418",
        "ConfidenceMax": "0.0809955314"
    },
    "Time": {
        "Mean": "13391.2006363978",
        "Variance": "1652676.5452291688",
        "ConfidenceMin": "13376.1009638269",
        "ConfidenceMax": "13406.3003089688"
    },
    "Attempts": {
        "Mean": "5.3937032963",
        "Variance": "0.1861868188",
        "ConfidenceMin": "5.3886351626",
        "ConfidenceMax": "5.3987714300"
    },
    "RouteLength": {
        "Mean": "3.2203481324",
        "Variance": "0.0054319823",
        "ConfidenceMin": "3.2194824616",
        "ConfidenceMax": "3.2212138032"
    },
    "TotalTime": {
        "Mean": "364958709470.8777465820",
        "Variance": "319931834959591580368896.0000000000",
        "ConfidenceMin": "358315127060.7922363281",
        "ConfidenceMax": "371602291880.9632568359"
    }
}