{
    "Success": {
        "Mean": "0.7013186979",
        "Variance": "0.0017172101",
        "ConfidenceMin": "0.7008319710",
        "ConfidenceMax": "0.7018054247"
    },
    "FailNoPath": {
        "Mean": "0.1259556060",
        "Variance": "0.0008991385",
        "ConfidenceMin": "0.1256034080",
        "ConfidenceMax": "0.1263078040"
    },
    "FailNoBalance": {
        "Mean": "0.1337621141",
        "Variance": "0.0006593001",
        "ConfidenceMin": "0.1334605254",
        "ConfidenceMax": "0.1340637029"
    },
    "FailOfflineNode": {
        "Mean": "0.0348443400",
        "Variance": "0.0001005665",
        "ConfidenceMin": "0.0347265523",
        "ConfidenceMax": "0.0349621278"
    },
    "FailTimeoutExpired": {
        "Mean": "0.0041192420",
        "Variance": "0.0000330895",
        "ConfidenceMin": "0.0040516775",
        "ConfidenceMax": "0.0041868065"
    },
    "Time": {
        "Mean": "4189.0770749327",
        "Variance": "311944.1915103063",
        "ConfidenceMin": "4182.5169509135",
        "ConfidenceMax": "4195.6371989518"
    },
    "Attempts": {
        "Mean": "2.6682701039",
        "Variance": "0.0979059966",
        "ConfidenceMin": "2.6645949270",
        "ConfidenceMax": "2.6719452807"
    },
    "RouteLength": {
        "Mean": "3.2546669682",
        "Variance": "0.0030023992",
        "ConfidenceMin": "3.2540233804",
        "ConfidenceMax": "3.2553105560"
    },
    "TotalTime": {
        "Mean": "331423016137.1166381836",
        "Variance": "245086467418351443378176.0000000000",
        "ConfidenceMin": "325608236456.2914428711",
        "ConfidenceMax": "337237795817.9418334961"
    }
}