{
    "Success": {
        "Mean": "0.6853340151",
        "Variance": "0.0015621379",
        "ConfidenceMin": "0.6848697851",
        "ConfidenceMax": "0.6857982452"
    },
    "FailNoPath": {
        "Mean": "0.1259556060",
        "Variance": "0.0008991385",
        "ConfidenceMin": "0.1256034080",
        "ConfidenceMax": "0.1263078040"
    },
    "FailNoBalance": {
        "Mean": "0.1022817383",
        "Variance": "0.0003805299",
        "ConfidenceMin": "0.1020526156",
        "ConfidenceMax": "0.1025108609"
    },
    "FailOfflineNode": {
        "Mean": "0.0770367376",
        "Variance": "0.0005210246",
        "ConfidenceMin": "0.0767686340",
        "ConfidenceMax": "0.0773048413"
    },
    "FailTimeoutExpired": {
        "Mean": "0.0093919030",
        "Variance": "0.0000681689",
        "ConfidenceMin": "0.0092949264",
        "ConfidenceMax": "0.0094888796"
    },
    "Time": {
        "Mean": "6609.6314253283",
        "Variance": "474294.7382518913",
        "ConfidenceMin": "6601.5423710151",
        "ConfidenceMax": "6617.7204796416"
    },
    "Attempts": {
        "Mean": "3.2967667158",
        "Variance": "0.0741774146",
        "ConfidenceMin": "3.2935677512",
        "ConfidenceMax": "3.2999656805"
    },
    "RouteLength": {
        "Mean": "3.2600491953",
        "Variance": "0.0050529514",
        "ConfidenceMin": "3.2592142729",
        "ConfidenceMax": "3.2608841178"
    },
    "TotalTime": {
        "Mean": "447725686082.1268310547",
        "Variance": "285961231579665871667200.0000000000",
        "ConfidenceMin": "441444709451.7976684570",
        "ConfidenceMax": "454006662712.4559936523"
    }
}