{
    "Success": {
        "Mean": "0.9923060207",
        "Variance": "0.0000611347",
        "ConfidenceMin": "0.9922141837",
        "ConfidenceMax": "0.9923978577"
    },
    "FailNoPath": {
        "Mean": "0.0052049595",
        "Variance": "0.0000376556",
        "ConfidenceMin": "0.0051328838",
        "ConfidenceMax": "0.0052770351"
    },
    "FailNoBalance": {
        "Mean": "0.0024890198",
        "Variance": "0.0000124263",
        "ConfidenceMin": "0.0024476156",
        "ConfidenceMax": "0.0025304240"
    },
    "FailOfflineNode": {
        "Mean": "0.0000000000",
        "Variance": "0.0000000000",
        "ConfidenceMin": "0.0000000000",
        "ConfidenceMax": "0.0000000000"
    },
    "FailTimeoutExpired": {
        "Mean": "0.0000000000",
        "Variance": "0.0000000000",
        "ConfidenceMin": "0.0000000000",
        "ConfidenceMax": "0.0000000000"
    },
    "Time": {
        "Mean": "1510.7280494260",
        "Variance": "24434.7195678078",
        "ConfidenceMin": "1508.8920299759",
        "ConfidenceMax": "1512.5640688762"
    },
    "Attempts": {
        "Mean": "1.2739410142",
        "Variance": "0.0025734915",
        "ConfidenceMin": "1.2733451669",
        "ConfidenceMax": "1.2745368615"
    },
    "RouteLength": {
        "Mean": "3.1948226959",
        "Variance": "0.0021199985",
        "ConfidenceMin": "3.1942818901",
        "ConfidenceMax": "3.1953635018"
    },
    "TotalTime": {
        "Mean": "1500.5665898639",
        "Variance": "24699.0374671852",
        "ConfidenceMin": "1498.7206667301",
        "ConfidenceMax": "1502.4125129977"
    }
}