{
    "Success": {
        "Mean": "0.6564989007",
        "Variance": "0.0018073285",
        "ConfidenceMin": "0.6559995655",
        "ConfidenceMax": "0.6569982359"
    },
    "FailNoPath": {
        "Mean": "0.1259556060",
        "Variance": "0.0008991385",
        "ConfidenceMin": "0.1256034080",
        "ConfidenceMax": "0.1263078040"
    },
    "FailNoBalance": {
        "Mean": "0.0774177959",
        "Variance": "0.0004420192",
        "ConfidenceMin": "0.0771708544",
        "ConfidenceMax": "0.0776647374"
    },
    "FailOfflineNode": {
        "Mean": "0.1133946471",
        "Variance": "0.0004464651",
        "ConfidenceMin": "0.1131464668",
        "ConfidenceMax": "0.1136428275"
    },
    "FailTimeoutExpired": {
        "Mean": "0.0267330503",
        "Variance": "0.0001801397",
        "ConfidenceMin": "0.0265754060",
        "ConfidenceMax": "0.0268906946"
    },
    "Time": {
        "Mean": "9801.2600270744",
        "Variance": "721998.6788231942",
        "ConfidenceMin": "9791.2797683586",
        "ConfidenceMax": "9811.2402857903"
    },
    "Attempts": {
        "Mean": "4.3171791757",
        "Variance": "0.1003689057",
        "ConfidenceMin": "4.3134580599",
        "ConfidenceMax": "4.3209002916"
    },
    "RouteLength": {
        "Mean": "3.2498912260",
        "Variance": "0.0054452538",
        "ConfidenceMin": "3.2490244983",
        "ConfidenceMax": "3.2507579536"
    },
    "TotalTime": {
        "Mean": "334772549517.3290405273",
        "Variance": "243834071231309411254272.0000000000",
        "ConfidenceMin": "328972645678.3487548828",
        "ConfidenceMax": "340572453356.3093261719"
    }
}