{
    "Success": {
        "Mean": "0.7005886834",
        "Variance": "0.0016544117",
        "ConfidenceMin": "0.7001109392",
        "ConfidenceMax": "0.7010664276"
    },
    "FailNoPath": {
        "Mean": "0.1259556060",
        "Variance": "0.0008991385",
        "ConfidenceMin": "0.1256034080",
        "ConfidenceMax": "0.1263078040"
    },
    "FailNoBalance": {
        "Mean": "0.1309120165",
        "Variance": "0.0007417005",
        "ConfidenceMin": "0.1305921359",
        "ConfidenceMax": "0.1312318971"
    },
    "FailOfflineNode": {
        "Mean": "0.0354780761",
        "Variance": "0.0002406398",
        "ConfidenceMin": "0.0352958723",
        "ConfidenceMax": "0.0356602799"
    },
    "FailTimeoutExpired": {
        "Mean": "0.0070656180",
        "Variance": "0.0000591552",
        "ConfidenceMin": "0.0069752801",
        "ConfidenceMax": "0.0071559559"
    },
    "Time": {
        "Mean": "4316.3510048798",
        "Variance": "449770.1643144147",
        "ConfidenceMin": "4308.4738584344",
        "ConfidenceMax": "4324.2281513253"
    },
    "Attempts": {
        "Mean": "2.6350271389",
        "Variance": "0.1159020277",
        "ConfidenceMin": "2.6310284362",
        "ConfidenceMax": "2.6390258416"
    },
    "RouteLength": {
        "Mean": "3.2548198052",
        "Variance": "0.0030373795",
        "ConfidenceMin": "3.2541724791",
        "ConfidenceMax": "3.2554671314"
    },
    "TotalTime": {
        "Mean": "579147724364.5793457031",
        "Variance": "424098677396140768362496.0000000000",
        "ConfidenceMin": "571498682161.0521240234",
        "ConfidenceMax": "586796766568.1065673828"
    }
}