{
    "Success": {
        "Mean": "0.7004426259",
        "Variance": "0.0014769118",
        "ConfidenceMin": "0.6999912370",
        "ConfidenceMax": "0.7008940148"
    },
    "FailNoPath": {
        "Mean": "0.1259556060",
        "Variance": "0.0008991385",
        "ConfidenceMin": "0.1256034080",
        "ConfidenceMax": "0.1263078040"
    },
    "FailNoBalance": {
        "Mean": "0.1564151211",
        "Variance": "0.0010450646",
        "ConfidenceMin": "0.1560354171",
        "ConfidenceMax": "0.1567948251"
    },
    "FailOfflineNode": {
        "Mean": "0.0102780960",
        "Variance": "0.0000582230",
        "ConfidenceMin": "0.0101884727",
        "ConfidenceMax": "0.0103677193"
    },
    "FailTimeoutExpired": {
        "Mean": "0.0069085511",
        "Variance": "0.0000492404",
        "ConfidenceMin": "0.0068261307",
        "ConfidenceMax": "0.0069909715"
    },
    "Time": {
        "Mean": "2504.9153041405",
        "Variance": "207453.6330808426",
        "ConfidenceMin": "2499.5655463410",
        "ConfidenceMax": "2510.2650619399"
    },
    "Attempts": {
        "Mean": "2.1156989408",
        "Variance": "0.1003230860",
        "ConfidenceMin": "2.1119786744",
        "ConfidenceMax": "2.1194192072"
    },
    "RouteLength": {
        "Mean": "3.2342489643",
        "Variance": "0.0031628719",
        "ConfidenceMin": "3.2335884010",
        "ConfidenceMax": "3.2349095275"
    },
    "TotalTime": {
        "Mean": "637468671919.1685791016",
        "Variance": "419106434033349149327360.0000000000",
        "ConfidenceMin": "629864783030.2253417969",
        "ConfidenceMax": "645072560808.1118164062"
    }
}