{
    "Success": {
        "Mean": "0.2739741593",
        "Variance": "0.0012236593",
        "ConfidenceMin": "0.2735632899",
        "ConfidenceMax": "0.2743850288"
    },
    "FailNoPath": {
        "Mean": "0.5873996379",
        "Variance": "0.0018039188",
        "ConfidenceMin": "0.5869007740",
        "ConfidenceMax": "0.5878985018"
    },
    "FailNoBalance": {
        "Mean": "0.1246176949",
        "Variance": "0.0006481082",
        "ConfidenceMin": "0.1243186769",
        "ConfidenceMax": "0.1249167129"
    },
    "FailOfflineNode": {
        "Mean": "0.0044918581",
        "Variance": "0.0000354489",
        "ConfidenceMin": "0.0044219262",
        "ConfidenceMax": "0.0045617900"
    },
    "FailTimeoutExpired": {
        "Mean": "0.0095166497",
        "Variance": "0.0000812768",
        "ConfidenceMin": "0.0094107593",
        "ConfidenceMax": "0.0096225402"
    },
    "Time": {
        "Mean": "4243.1239353492",
        "Variance": "1217960.3367440403",
        "ConfidenceMin": "4230.1613935177",
        "ConfidenceMax": "4256.0864771806"
    },
    "Attempts": {
        "Mean": "3.5365744442",
        "Variance": "0.6061778517",
        "ConfidenceMin": "3.5274296565",
        "ConfidenceMax": "3.5457192320"
    },
    "RouteLength": {
        "Mean": "3.2697820307",
        "Variance": "0.0113576952",
        "ConfidenceMin": "3.2685302775",
        "ConfidenceMax": "3.2710337839"
    },
    "TotalTime": {
        "Mean": "634420859696.5600585938",
        "Variance": "479083409084607501434880.0000000000",
        "ConfidenceMin": "626291072762.1094970703",
        "ConfidenceMax": "642550646631.0106201172"
    }
}