{
    "Success": {
        "Mean": "0.6674766179",
        "Variance": "0.0015048674",
        "ConfidenceMin": "0.6670209769",
        "ConfidenceMax": "0.6679322588"
    },
    "FailNoPath": {
        "Mean": "0.1259556060",
        "Variance": "0.0008991385",
        "ConfidenceMin": "0.1256034080",
        "ConfidenceMax": "0.1263078040"
    },
    "FailNoBalance": {
        "Mean": "0.0748018505",
        "Variance": "0.0003758372",
        "ConfidenceMin": "0.0745741450",
        "ConfidenceMax": "0.0750295560"
    },
    "FailOfflineNode": {
        "Mean": "0.1095406967",
        "Variance": "0.0006451430",
        "ConfidenceMin": "0.1092423635",
        "ConfidenceMax": "0.1098390299"
    },
    "FailTimeoutExpired": {
        "Mean": "0.0222252289",
        "Variance": "0.0000983397",
        "ConfidenceMin": "0.0221087525",
        "ConfidenceMax": "0.0223417054"
    },
    "Time": {
        "Mean": "10173.3733542766",
        "Variance": "1471364.3127118340",
        "ConfidenceMin": "10159.1260169422",
        "ConfidenceMax": "10187.6206916111"
    },
    "Attempts": {
        "Mean": "4.4175894984",
        "Variance": "0.1717906979",
        "ConfidenceMin": "4.4127212422",
        "ConfidenceMax": "4.4224577545"
    },
    "RouteLength": {
        "Mean": "3.2552061605",
        "Variance": "0.0046433489",
        "ConfidenceMin": "3.2544057934",
        "ConfidenceMax": "3.2560065277"
    },
    "TotalTime": {
        "Mean": "345881809598.1094360352",
        "Variance": "195382929381677915439104.0000000000",
        "ConfidenceMin": "340690022122.0693969727",
        "ConfidenceMax": "351073597074.1494750977"
    }
}