{
    "Success": {
        "Mean": "0.9958123986",
        "Variance": "0.0000228754",
        "ConfidenceMin": "0.9957562217",
        "ConfidenceMax": "0.9958685756"
    },
    "FailNoPath": {
        "Mean": "0.0035807460",
        "Variance": "0.0000186815",
        "ConfidenceMin": "0.0035299792",
        "ConfidenceMax": "0.0036315127"
    },
    "FailNoBalance": {
        "Mean": "0.0001915709",
        "Variance": "0.0000010643",
        "ConfidenceMin": "0.0001794537",
        "ConfidenceMax": "0.0002036881"
    },
    "FailOfflineNode": {
        "Mean": "0.0004152845",
        "Variance": "0.0000024300",
        "ConfidenceMin": "0.0003969752",
        "ConfidenceMax": "0.0004335939"
    },
    "FailTimeoutExpired": {
        "Mean": "0.0000000000",
        "Variance": "0.0000000000",
        "ConfidenceMin": "0.0000000000",
        "ConfidenceMax": "0.0000000000"
    },
    "Time": {
        "Mean": "1483.3234047123",
        "Variance": "17401.7283846766",
        "ConfidenceMin": "1481.7739824526",
        "ConfidenceMax": "1484.8728269720"
    },
    "Attempts": {
        "Mean": "1.2623407849",
        "Variance": "0.0017187959",
        "ConfidenceMin": "1.2618538333",
        "ConfidenceMax": "1.2628277364"
    },
    "RouteLength": {
        "Mean": "3.1902563054",
        "Variance": "0.0026549366",
        "ConfidenceMin": "3.1896511030",
        "ConfidenceMax": "3.1908615079"
    },
    "TotalTime": {
        "Mean": "1478.8996951576",
        "Variance": "17806.8091214499",
        "ConfidenceMin": "1477.3323427701",
        "ConfidenceMax": "1480.4670475451"
    }
}