{
    "Success": {
        "Mean": "0.9960039695",
        "Variance": "0.0000233422",
        "ConfidenceMin": "0.9959472223",
        "ConfidenceMax": "0.9960607167"
    },
    "FailNoPath": {
        "Mean": "0.0035807460",
        "Variance": "0.0000186815",
        "ConfidenceMin": "0.0035299792",
        "ConfidenceMax": "0.0036315127"
    },
    "FailNoBalance": {
        "Mean": "0.0001915709",
        "Variance": "0.0000010643",
        "ConfidenceMin": "0.0001794537",
        "ConfidenceMax": "0.0002036881"
    },
    "FailOfflineNode": {
        "Mean": "0.0002237136",
        "Variance": "0.0000014514",
        "ConfidenceMin": "0.0002095634",
        "ConfidenceMax": "0.0002378639"
    },
    "FailTimeoutExpired": {
        "Mean": "0.0000000000",
        "Variance": "0.0000000000",
        "ConfidenceMin": "0.0000000000",
        "ConfidenceMax": "0.0000000000"
    },
    "Time": {
        "Mean": "1467.4041010583",
        "Variance": "24835.8438876541",
        "ConfidenceMin": "1465.5530727578",
        "ConfidenceMax": "1469.2551293589"
    },
    "Attempts": {
        "Mean": "1.2655148293",
        "Variance": "0.0024549517",
        "ConfidenceMin": "1.2649328667",
        "ConfidenceMax": "1.2660967919"
    },
    "RouteLength": {
        "Mean": "3.1881472461",
        "Variance": "0.0021110222",
        "ConfidenceMin": "3.1876075864",
        "ConfidenceMax": "3.1886869058"
    },
    "TotalTime": {
        "Mean": "1462.3749107181",
        "Variance": "24220.2309478345",
        "ConfidenceMin": "1460.5469673439",
        "ConfidenceMax": "1464.2028540923"
    }
}