{
    "Success": {
        "Mean": "0.7026488756",
        "Variance": "0.0015006916",
        "ConfidenceMin": "0.7021938673",
        "ConfidenceMax": "0.7031038839"
    },
    "FailNoPath": {
        "Mean": "0.1259556060",
        "Variance": "0.0008991385",
        "ConfidenceMin": "0.1256034080",
        "ConfidenceMax": "0.1263078040"
    },
    "FailNoBalance": {
        "Mean": "0.1568353598",
        "Variance": "0.0009160161",
        "ConfidenceMin": "0.1564798716",
        "ConfidenceMax": "0.1571908479"
    },
    "FailOfflineNode": {
        "Mean": "0.0082274621",
        "Variance": "0.0000393562",
        "ConfidenceMin": "0.0081537769",
        "ConfidenceMax": "0.0083011474"
    },
    "FailTimeoutExpired": {
        "Mean": "0.0063326966",
        "Variance": "0.0000557207",
        "ConfidenceMin": "0.0062450204",
        "ConfidenceMax": "0.0064203728"
    },
    "Time": {
        "Mean": "2327.9149682729",
        "Variance": "120990.6785388877",
        "ConfidenceMin": "2323.8294274505",
        "ConfidenceMax": "2332.0005090952"
    },
    "Attempts": {
        "Mean": "2.1623787984",
        "Variance": "0.1151482464",
        "ConfidenceMin": "2.1583931199",
        "ConfidenceMax": "2.1663644768"
    },
    "RouteLength": {
        "Mean": "3.2293564134",
        "Variance": "0.0021134674",
        "ConfidenceMin": "3.2288164412",
        "ConfidenceMax": "3.2298963856"
    },
    "TotalTime": {
        "Mean": "596155955036.1477050781",
        "Variance": "493808982533113567510528.0000000000",
        "ConfidenceMin": "587902171195.0706787109",
        "ConfidenceMax": "604409738877.2247314453"
    }
}