{
    "Success": {
        "Mean": "0.6113202646",
        "Variance": "0.0018461341",
        "ConfidenceMin": "0.6108155972",
        "ConfidenceMax": "0.6118249319"
    },
    "FailNoPath": {
        "Mean": "0.1259556060",
        "Variance": "0.0008991385",
        "ConfidenceMin": "0.1256034080",
        "ConfidenceMax": "0.1263078040"
    },
    "FailNoBalance": {
        "Mean": "0.0521437914",
        "Variance": "0.0002205946",
        "ConfidenceMin": "0.0519693413",
        "ConfidenceMax": "0.0523182414"
    },
    "FailOfflineNode": {
        "Mean": "0.1285210995",
        "Variance": "0.0006769060",
        "ConfidenceMin": "0.1282155105",
        "ConfidenceMax": "0.1288266886"
    },
    "FailTimeoutExpired": {
        "Mean": "0.0820592386",
        "Variance": "0.0003301293",
        "ConfidenceMin": "0.0818458281",
        "ConfidenceMax": "0.0822726490"
    },
    "Time": {
        "Mean": "12955.0322514457",
        "Variance": "1559060.2718306645",
        "ConfidenceMin": "12940.3664753397",
        "ConfidenceMax": "12969.6980275516"
    },
    "Attempts": {
        "Mean": "5.2927214086",
        "Variance": "0.1961370218",
        "ConfidenceMin": "5.2875196117",
        "ConfidenceMax": "5.2979232054"
    },
    "RouteLength": {
        "Mean": "3.2361979611",
        "Variance": "0.0039317129",
        "ConfidenceMin": "3.2354614751",
        "ConfidenceMax": "3.2369344471"
    },
    "TotalTime": {
        "Mean": "223533337405.2250061035",
        "Variance": "135926973938142030069760.0000000000",
        "ConfidenceMin": "219202953276.0776367188",
        "ConfidenceMax": "227863721534.3723754883"
    }
}