{
    "Success": {
        "Mean": "0.9442302324",
        "Variance": "0.0004541150",
        "ConfidenceMin": "0.9439799349",
        "ConfidenceMax": "0.9444805299"
    },
    "FailNoPath": {
        "Mean": "0.0206589897",
        "Variance": "0.0001276281",
        "ConfidenceMin": "0.0205262970",
        "ConfidenceMax": "0.0207916823"
    },
    "FailNoBalance": {
        "Mean": "0.0312054593",
        "Variance": "0.0002937169",
        "ConfidenceMin": "0.0310041619",
        "ConfidenceMax": "0.0314067566"
    },
    "FailOfflineNode": {
        "Mean": "0.0014668194",
        "Variance": "0.0000070895",
        "ConfidenceMin": "0.0014355455",
        "ConfidenceMax": "0.0014980933"
    },
    "FailTimeoutExpired": {
        "Mean": "0.0024384993",
        "Variance": "0.0000169013",
        "ConfidenceMin": "0.0023902119",
        "ConfidenceMax": "0.0024867868"
    },
    "Time": {
        "Mean": "1562.0071792092",
        "Variance": "24077.7620973935",
        "ConfidenceMin": "1560.1846199515",
        "ConfidenceMax": "1563.8297384669"
    },
    "Attempts": {
        "Mean": "1.3373981585",
        "Variance": "0.0026701978",
        "ConfidenceMin": "1.3367912191",
        "ConfidenceMax": "1.3380050979"
    },
    "RouteLength": {
        "Mean": "3.1929488825",
        "Variance": "0.0027020041",
        "ConfidenceMin": "3.1923383390",
        "ConfidenceMax": "3.1935594259"
    },
    "TotalTime": {
        "Mean": "230748864430.6366271973",
        "Variance": "151340386045014772285440.0000000000",
        "ConfidenceMin": "226179550290.1732788086",
        "ConfidenceMax": "235318178571.0999755859"
    }
}