{
    "Success": {
        "Mean": "0.6903810977",
        "Variance": "0.0019400671",
        "ConfidenceMin": "0.6898637507",
        "ConfidenceMax": "0.6908984448"
    },
    "FailNoPath": {
        "Mean": "0.1259556060",
        "Variance": "0.0008991385",
        "ConfidenceMin": "0.1256034080",
        "ConfidenceMax": "0.1263078040"
    },
    "FailNoBalance": {
        "Mean": "0.0949878543",
        "Variance": "0.0005422027",
        "ConfidenceMin": "0.0947143562",
        "ConfidenceMax": "0.0952613525"
    },
    "FailOfflineNode": {
        "Mean": "0.0804394653",
        "Variance": "0.0004764991",
        "ConfidenceMin": "0.0801830732",
        "ConfidenceMax": "0.0806958574"
    },
    "FailTimeoutExpired": {
        "Mean": "0.0082359767",
        "Variance": "0.0000522249",
        "ConfidenceMin": "0.0081510953",
        "ConfidenceMax": "0.0083208581"
    },
    "Time": {
        "Mean": "6680.0709857556",
        "Variance": "723666.1880723553",
        "ConfidenceMin": "6670.0792086144",
        "ConfidenceMax": "6690.0627628967"
    },
    "Attempts": {
        "Mean": "3.3875545875",
        "Variance": "0.1082014680",
        "ConfidenceMin": "3.3836910052",
        "ConfidenceMax": "3.3914181699"
    },
    "RouteLength": {
        "Mean": "3.2613062850",
        "Variance": "0.0033285752",
        "ConfidenceMin": "3.2606286392",
        "ConfidenceMax": "3.2619839309"
    },
    "TotalTime": {
        "Mean": "411766036970.7300415039",
        "Variance": "321202347786054636929024.0000000000",
        "ConfidenceMin": "405109276138.9273681641",
        "ConfidenceMax": "418422797802.5327148438"
    }
}