{
    "Success": {
        "Mean": "0.9923060207",
        "Variance": "0.0000611347",
        "ConfidenceMin": "0.9922141837",
        "ConfidenceMax": "0.9923978577"
    },
    "FailNoPath": {
        "Mean": "0.0052049595",
        "Variance": "0.0000376556",
        "ConfidenceMin": "0.0051328838",
        "ConfidenceMax": "0.0052770351"
    },
    "FailNoBalance": {
        "Mean": "0.0023098083",
        "Variance": "0.0000123228",
        "ConfidenceMin": "0.0022685770",
        "ConfidenceMax": "0.0023510397"
    },
    "FailOfflineNode": {
        "Mean": "0.0001792115",
        "Variance": "0.0000009314",
        "ConfidenceMin": "0.0001678760",
        "ConfidenceMax": "0.0001905469"
    },
    "FailTimeoutExpired": {
        "Mean": "0.0000000000",
        "Variance": "0.0000000000",
        "ConfidenceMin": "0.0000000000",
        "ConfidenceMax": "0.0000000000"
    },
    "Time": {
        "Mean": "1480.7991594366",
        "Variance": "23046.2330599361",
        "ConfidenceMin": "1479.0160681702",
        "ConfidenceMax": "1482.5822507031"
    },
    "Attempts": {
        "Mean": "1.2720723398",
        "Variance": "0.0021847228",
        "ConfidenceMin": "1.2715233405",
        "ConfidenceMax": "1.2726213391"
    },
    "RouteLength": {
        "Mean": "3.1930317001",
        "Variance": "0.0020113879",
        "ConfidenceMin": "3.1925049295",
        "ConfidenceMax": "3.1935584707"
    },
    "TotalTime": {
        "Mean": "1472.3083988000",
        "Variance": "20943.8874734671",
        "ConfidenceMin": "1470.6085814959",
        "ConfidenceMax": "1474.0082161042"
    }
}