{
    "Success": {
        "Mean": "0.9428554881",
        "Variance": "0.0004406022",
        "ConfidenceMin": "0.9426089427",
        "ConfidenceMax": "0.9431020335"
    },
    "FailNoPath": {
        "Mean": "0.0206589897",
        "Variance": "0.0001276281",
        "ConfidenceMin": "0.0205262970",
        "ConfidenceMax": "0.0207916823"
    },
    "FailNoBalance": {
        "Mean": "0.0297813557",
        "Variance": "0.0001901657",
        "ConfidenceMin": "0.0296193838",
        "ConfidenceMax": "0.0299433276"
    },
    "FailOfflineNode": {
        "Mean": "0.0024156390",
        "Variance": "0.0000131340",
        "ConfidenceMin": "0.0023730721",
        "ConfidenceMax": "0.0024582059"
    },
    "FailTimeoutExpired": {
        "Mean": "0.0042885276",
        "Variance": "0.0000258719",
        "ConfidenceMin": "0.0042287845",
        "ConfidenceMax": "0.0043482707"
    },
    "Time": {
        "Mean": "1528.7987749655",
        "Variance": "32196.5751436783",
        "ConfidenceMin": "1526.6912222974",
        "ConfidenceMax": "1530.9063276336"
    },
    "Attempts": {
        "Mean": "1.3301993236",
        "Variance": "0.0046484584",
        "ConfidenceMin": "1.3293985162",
        "ConfidenceMax": "1.3310001310"
    },
    "RouteLength": {
        "Mean": "3.1929321248",
        "Variance": "0.0023476858",
        "ConfidenceMin": "3.1923630182",
        "ConfidenceMax": "3.1935012313"
    },
    "TotalTime": {
        "Mean": "404141399507.0609741211",
        "Variance": "229762158081473930854400.0000000000",
        "ConfidenceMin": "398511341765.1821289062",
        "ConfidenceMax": "409771457248.9398193359"
    }
}