{
    "Success": {
        "Mean": "0.2757712895",
        "Variance": "0.0013042146",
        "ConfidenceMin": "0.2753471115",
        "ConfidenceMax": "0.2761954675"
    },
    "FailNoPath": {
        "Mean": "0.5873996379",
        "Variance": "0.0018039188",
        "ConfidenceMin": "0.5869007740",
        "ConfidenceMax": "0.5878985018"
    },
    "FailNoBalance": {
        "Mean": "0.1242534086",
        "Variance": "0.0004552458",
        "ConfidenceMin": "0.1240027996",
        "ConfidenceMax": "0.1245040175"
    },
    "FailOfflineNode": {
        "Mean": "0.0046511301",
        "Variance": "0.0000308170",
        "ConfidenceMin": "0.0045859269",
        "ConfidenceMax": "0.0047163332"
    },
    "FailTimeoutExpired": {
        "Mean": "0.0079245340",
        "Variance": "0.0000683609",
        "ConfidenceMin": "0.0078274209",
        "ConfidenceMax": "0.0080216470"
    },
    "Time": {
        "Mean": "3773.4762864513",
        "Variance": "858571.3188331970",
        "ConfidenceMin": "3762.5929567401",
        "ConfidenceMax": "3784.3596161626"
    },
    "Attempts": {
        "Mean": "3.6400118195",
        "Variance": "0.5439089701",
        "ConfidenceMin": "3.6313494499",
        "ConfidenceMax": "3.6486741891"
    },
    "RouteLength": {
        "Mean": "3.2785414886",
        "Variance": "0.0088455131",
        "ConfidenceMin": "3.2774368121",
        "ConfidenceMax": "3.2796461651"
    },
    "TotalTime": {
        "Mean": "590581123491.0705566406",
        "Variance": "520638642418842693795840.0000000000",
        "ConfidenceMin": "582106082693.1638183594",
        "ConfidenceMax": "599056164288.9772949219"
    }
}